{
  "Random Forest": {
    "accuracy": 1.0,
    "precision": 1.0,
    "recall": 1.0,
    "f1": 1.0,
    "auc": 1.0,
    "cv_acc": 0.9924367088607594,
    "cm": [
      [
        30,
        0
      ],
      [
        0,
        50
      ]
    ]
  },
  "Gradient Boosting": {
    "accuracy": 0.9875,
    "precision": 1.0,
    "recall": 0.98,
    "f1": 0.98989898989899,
    "auc": 1.0,
    "cv_acc": 0.9697468354430381,
    "cm": [
      [
        30,
        0
      ],
      [
        1,
        49
      ]
    ]
  },
  "AdaBoost": {
    "accuracy": 0.9875,
    "precision": 1.0,
    "recall": 0.98,
    "f1": 0.98989898989899,
    "auc": 1.0,
    "cv_acc": 0.9899683544303798,
    "cm": [
      [
        30,
        0
      ],
      [
        1,
        49
      ]
    ]
  },
  "Voting Classifier": {
    "accuracy": 0.9875,
    "precision": 1.0,
    "recall": 0.98,
    "f1": 0.98989898989899,
    "auc": 1.0,
    "cv_acc": 0.9748101265822786,
    "cm": [
      [
        30,
        0
      ],
      [
        1,
        49
      ]
    ]
  }
}