{
  "Random Forest": {
    "accuracy": 1.0,
    "precision": 1.0,
    "recall": 1.0,
    "f1": 1.0,
    "auc": 1.0,
    "cv_acc": 0.9974999999999999,
    "cm": [
      [
        30,
        0
      ],
      [
        0,
        50
      ]
    ],
    "execution_time": 3.543602228164673
  },
  "Gradient Boosting": {
    "accuracy": 0.9875,
    "precision": 1.0,
    "recall": 0.98,
    "f1": 0.98989898989899,
    "auc": 0.9993333333333333,
    "cv_acc": 0.9824999999999999,
    "cm": [
      [
        30,
        0
      ],
      [
        1,
        49
      ]
    ],
    "execution_time": 1.855302333831787
  },
  "AdaBoost": {
    "accuracy": 0.9875,
    "precision": 1.0,
    "recall": 0.98,
    "f1": 0.98989898989899,
    "auc": 1.0,
    "cv_acc": 0.9949999999999999,
    "cm": [
      [
        30,
        0
      ],
      [
        1,
        49
      ]
    ],
    "execution_time": 1.3367540836334229
  },
  "Voting Classifier": {
    "accuracy": 0.9875,
    "precision": 1.0,
    "recall": 0.98,
    "f1": 0.98989898989899,
    "auc": 1.0,
    "cv_acc": 0.99,
    "cm": [
      [
        30,
        0
      ],
      [
        1,
        49
      ]
    ],
    "execution_time": 6.789106130599976
  },
  "Stacking Classifier": {
    "accuracy": 0.9875,
    "precision": 1.0,
    "recall": 0.98,
    "f1": 0.98989898989899,
    "auc": 1.0,
    "cv_acc": 0.99,
    "cm": [
      [
        30,
        0
      ],
      [
        1,
        49
      ]
    ],
    "execution_time": 40.51517200469971
  }
}